{"cameraMode":{"drawMode":0,"name":"Shaded","section":"Shading Mode"},"sceneLighting":true,"audioPlay":false,"sceneViewState":{"showFog":true,"showMaterialUpdate":false,"showSkybox":true,"showFlares":true,"showImageEffects":true,"showParticleSystems":true},"in2DMode":false,"pivot":{"x":655.4496459960938,"y":444.32415771484377,"z":658.73291015625},"rotation":{"x":-0.12505371868610383,"y":-0.8699025511741638,"z":0.28345757722854617,"w":-0.38377800583839419},"size":27.05909538269043,"orthographic":false}