{"cameraMode":{"drawMode":0,"name":"Shaded","section":"Shading Mode"},"sceneLighting":true,"audioPlay":false,"sceneViewState":{"showFog":true,"showMaterialUpdate":false,"showSkybox":true,"showFlares":true,"showImageEffects":true,"showParticleSystems":true},"in2DMode":false,"pivot":{"x":694.2842407226563,"y":444.9378662109375,"z":623.5616455078125},"rotation":{"x":-0.011109940707683564,"y":-0.9442445039749146,"z":0.03201926872134209,"w":-0.32753512263298037},"size":33.82523727416992,"orthographic":false}