{"cameraMode":{"drawMode":0,"name":"Shaded","section":"Shading Mode"},"sceneLighting":true,"audioPlay":false,"sceneViewState":{"showFog":true,"showMaterialUpdate":false,"showSkybox":true,"showFlares":true,"showImageEffects":true,"showParticleSystems":true,"showVisualEffectGraphs":true},"in2DMode":false,"pivot":{"x":699.3607177734375,"y":442.64251708984377,"z":598.5586547851563},"rotation":{"x":0.05496947094798088,"y":0.9217951893806458,"z":-0.14214569330215455,"w":0.35647016763687136},"size":48.39759826660156,"orthographic":false}